ARMS,proportionshallow,distance(km),NearestShelf_Longitude,NearestShelf_Latitude,ShelfMatch,rownames(d),score,scorecn,scorecy,scorepfc,scoreth,scoretr,grav_NC,sediment,nutrient,pop_count,num_ports,reef_value,cumul_score
Ransome_ART01_ART01A_120312_150524,0.17114094,130,120.2416854,12.75000453,1,Ransome_ART01_ART01A_120312_150524,0.03724,0.14474,-1.7242,-0.0168,0.97563,1.00573,0.986495851,0.865823157,0.924271737,0.977763939,0,0.988570591,0.790487546
Ransome_ART01_ART01B_120312_150524,0.17114094,130,120.2416854,12.75000453,1,Ransome_ART01_ART01B_120312_150524,0.03724,0.14474,-1.7242,-0.0168,0.97563,1.00573,0.986495851,0.865823157,0.924271737,0.977763939,0,0.988570591,0.790487546
Ransome_ART02_ART02A_120312_150523,0.17114094,130,120.2416854,12.75000453,1,Ransome_ART02_ART02A_120312_150523,0.03724,0.14474,-1.7242,-0.0168,0.97563,1.00573,0.986495851,0.865823157,0.924271737,0.977763939,0,0.988570591,0.790487546
Ransome_ART02_ART02B_120312_150523,0.17114094,130,120.2416854,12.75000453,1,Ransome_ART02_ART02B_120312_150523,0.03724,0.14474,-1.7242,-0.0168,0.97563,1.00573,0.986495851,0.865823157,0.924271737,0.977763939,0,0.988570591,0.790487546
Ransome_ART02_ART02C_120312_150501,0.17114094,130,120.2416854,12.75000453,1,Ransome_ART02_ART02C_120312_150501,0.03724,0.14474,-1.7242,-0.0168,0.97563,1.00573,0.986495851,0.865823157,0.924271737,0.977763939,0,0.988570591,0.790487546
Ransome_BAA01_BAA01A_120312_150530,0.167785235,120,120.2416854,12.75000453,1,Ransome_BAA01_BAA01A_120312_150530,0.03848,0.14474,-1.73064,-0.01623,0.98378,1.05501,0.984604147,0.852894659,0.925487812,0.951479962,0,0.996501575,0.785161359
Ransome_BAA01_BAA01B_120312_150530,0.167785235,120,120.2416854,12.75000453,1,Ransome_BAA01_BAA01B_120312_150530,0.03848,0.14474,-1.73064,-0.01623,0.98378,1.05501,0.984604147,0.852894659,0.925487812,0.951479962,0,0.996501575,0.785161359
Ransome_BAA01_BAA01C_120312_150530,0.167785235,120,120.2416854,12.75000453,1,Ransome_BAA01_BAA01C_120312_150530,0.03848,0.14474,-1.73064,-0.01623,0.98378,1.05501,0.984604147,0.852894659,0.925487812,0.951479962,0,0.996501575,0.785161359
Ransome_BAA02_BAA02A_120312_150526,0.167785235,120,120.2416854,12.75000453,1,Ransome_BAA02_BAA02A_120312_150526,0.03848,0.14474,-1.73064,-0.01623,0.98378,1.05501,0.984604147,0.852894659,0.925487812,0.951479962,0,0.996501575,0.785161359
Ransome_BAA02_BAA02B_120312_150531,0.167785235,120,120.2416854,12.75000453,1,Ransome_BAA02_BAA02B_120312_150531,0.03848,0.14474,-1.73064,-0.01623,0.98378,1.05501,0.984604147,0.852894659,0.925487812,0.951479962,0,0.996501575,0.785161359
Ransome_BAA02_BAA02C_120312_150531,0.167785235,120,120.2416854,12.75000453,1,Ransome_BAA02_BAA02C_120312_150531,0.03848,0.14474,-1.73064,-0.01623,0.98378,1.05501,0.984604147,0.852894659,0.925487812,0.951479962,0,0.996501575,0.785161359
Ransome_BAO01_BAO01A_120312_150521,0.167763158,130,120.2416854,12.75000453,1,Ransome_BAO01_BAO01A_120312_150521,0.03724,0.14474,-1.7242,-0.0168,0.97563,1.00573,0.986495851,0.865823157,0.924271737,0.977763939,0,0.988570591,0.790487546
Ransome_BAO01_BAO01B_120312_150521,0.167763158,130,120.2416854,12.75000453,1,Ransome_BAO01_BAO01B_120312_150521,0.03724,0.14474,-1.7242,-0.0168,0.97563,1.00573,0.986495851,0.865823157,0.924271737,0.977763939,0,0.988570591,0.790487546
Ransome_BAO01_BAO01C_120312_150521,0.167763158,130,120.2416854,12.75000453,1,Ransome_BAO01_BAO01C_120312_150521,0.03724,0.14474,-1.7242,-0.0168,0.97563,1.00573,0.986495851,0.865823157,0.924271737,0.977763939,0,0.988570591,0.790487546
Ransome_BAO02_BAO02A_120312_150526,0.167763158,130,120.2416854,12.75000453,1,Ransome_BAO02_BAO02A_120312_150526,0.03724,0.14474,-1.7242,-0.0168,0.97563,1.00573,0.986495851,0.865823157,0.924271737,0.977763939,0,0.988570591,0.790487546
Ransome_BAO02_BAO02B_120312_150526,0.167763158,130,120.2416854,12.75000453,1,Ransome_BAO02_BAO02B_120312_150526,0.03724,0.14474,-1.7242,-0.0168,0.97563,1.00573,0.986495851,0.865823157,0.924271737,0.977763939,0,0.988570591,0.790487546
Ransome_BAO02_BAO02C_120312_150526,0.167763158,130,120.2416854,12.75000453,1,Ransome_BAO02_BAO02C_120312_150526,0.03724,0.14474,-1.7242,-0.0168,0.97563,1.00573,0.986495851,0.865823157,0.924271737,0.977763939,0,0.988570591,0.790487546
Ransome_FFS12_FFS12A_100101_130101,0.113207547,5530,137.5416854,37.45000664,1,Ransome_FFS12_FFS12A_100101_130101,-0.03352,-0.95296,0.58897,-0.73569,0.46661,0.07619,0.184956266,0,0,0,0,0,0.030826044
Ransome_FFS34_FFS34A_100101_130101,0.113564669,5530,137.5416854,37.45000664,1,Ransome_FFS34_FFS34A_100101_130101,-0.03152,-0.95296,0.57219,-0.73738,0.49712,0.09293,0.186098781,0,0,0,0,0,0.031016463
Ransome_GUA02_GUA02C_110101_140101,0.043918919,2190,137.1916854,-4.999996993,2,Ransome_GUA02_GUA02C_110101_140101,-0.18347,-2.39127,-2.48678,0.07798,-0.21696,0.0258,0.146279335,0.686608062,0,0.741867536,0,0.967525093,0.423713338
Ransome_GUA05_GUA05B_110101_140101,0.043624161,2220,137.1916854,-4.999996993,2,Ransome_GUA05_GUA05B_110101_140101,-0.16449,-2.39371,-2.4978,0.08384,-0.02422,0.24534,0.206495477,0.668107253,0,0.977251081,0,0.984321196,0.472695834
Ransome_GUA08_GUA08A_110101_140101,0.043771044,2210,137.1916854,-4.999996993,2,Ransome_GUA08_GUA08A_110101_140101,-0.10973,-0.84275,-2.45465,0.08382,-0.03297,0.18436,0.09379858,0.663086656,0,0.983698439,0,0.970034435,0.451769685
Ransome_GUA08_GUA08B_110101_140101,0.043771044,2210,137.1916854,-4.999996993,2,Ransome_GUA08_GUA08B_110101_140101,-0.10973,-0.84275,-2.45465,0.08382,-0.03297,0.18436,0.09379858,0.663086656,0,0.983698439,0,0.970034435,0.451769685
Ransome_GUA08_GUA08C_110101_140101,0.043771044,2210,137.1916854,-4.999996993,2,Ransome_GUA08_GUA08C_110101_140101,-0.10973,-0.84275,-2.45465,0.08382,-0.03297,0.18436,0.09379858,0.663086656,0,0.983698439,0,0.970034435,0.451769685
Ransome_HAW22_HAW22B_100101_130101,0.019672131,6720,137.5416854,37.45000664,1,Ransome_HAW22_HAW22B_100101_130101,-0.05362,-1.8031,0.61072,-0.99347,0.92712,-0.3949,NA,0,0,0.441460913,0,0,0.088292183
Ransome_HAW24_HAW24A_100101_130101,0.023026316,6710,137.5416854,37.45000664,1,Ransome_HAW24_HAW24A_100101_130101,-0.08902,-1.9858,0.63463,-0.99085,0.65491,-0.91251,NA,0.921012947,0.837727784,0.499633673,0,0,0.451674881
Ransome_HAW24_HAW24B_100101_130101,0.023026316,6710,137.5416854,37.45000664,1,Ransome_HAW24_HAW24B_100101_130101,-0.08902,-1.9858,0.63463,-0.99085,0.65491,-0.91251,NA,0.921012947,0.837727784,0.499633673,0,0,0.451674881
Ransome_HAW24_HAW24C_100101_130101,0.023026316,6710,137.5416854,37.45000664,1,Ransome_HAW24_HAW24C_100101_130101,-0.08902,-1.9858,0.63463,-0.99085,0.65491,-0.91251,NA,0.921012947,0.837727784,0.499633673,0,0,0.451674881
Ransome_HR01_HR01_120601_130601,0.18707483,10,114.5916854,-8.099997258,1,Ransome_HR01_HR01_120601_130601,-0.11338,0.58217,0.58527,0.20176,-1.70363,-2.1502,0.891030323,0.972248786,0.968474195,0.957872372,0,0.994963001,0.797431446
Ransome_HR01_INDO10_120601_130601,0.18707483,10,114.5916854,-8.099997258,1,Ransome_HR01_INDO10_120601_130601,-0.11338,0.58217,0.58527,0.20176,-1.70363,-2.1502,0.891030323,0.972248786,0.968474195,0.957872372,0,0.994963001,0.797431446
Ransome_HR01_INDO15_120601_130708,0.18707483,10,114.5916854,-8.099997258,1,Ransome_HR01_INDO15_120601_130708,-0.11338,0.58217,0.58527,0.20176,-1.70363,-2.1502,0.891030323,0.972248786,0.968474195,0.957872372,0,0.994963001,0.797431446
Ransome_IND01_CE01_110701_120601,0.187713311,10,114.5916854,-8.099997258,1,Ransome_IND01_CE01_110701_120601,-0.11338,0.58217,0.58527,0.20176,-1.70363,-2.1502,0.891030323,0.972248786,0.968474195,0.957872372,0,0.994963001,0.797431446
Ransome_IND01_CE02_110701_120601,0.187713311,10,114.5916854,-8.099997258,1,Ransome_IND01_CE02_110701_120601,-0.11338,0.58217,0.58527,0.20176,-1.70363,-2.1502,0.891030323,0.972248786,0.968474195,0.957872372,0,0.994963001,0.797431446
Ransome_IND01_CE03_110701_120601,0.187713311,10,114.5916854,-8.099997258,1,Ransome_IND01_CE03_110701_120601,-0.11338,0.58217,0.58527,0.20176,-1.70363,-2.1502,0.891030323,0.972248786,0.968474195,0.957872372,0,0.994963001,0.797431446
Ransome_IND01_INDO11_120601_130706,0.187713311,10,114.5916854,-8.099997258,1,Ransome_IND01_INDO11_120601_130706,-0.11338,0.58217,0.58527,0.20176,-1.70363,-2.1502,0.891030323,0.972248786,0.968474195,0.957872372,0,0.994963001,0.797431446
Ransome_IND01_INDO12_120601_130707,0.187713311,10,114.5916854,-8.099997258,1,Ransome_IND01_INDO12_120601_130707,-0.11338,0.58217,0.58527,0.20176,-1.70363,-2.1502,0.891030323,0.972248786,0.968474195,0.957872372,0,0.994963001,0.797431446
Ransome_IND01_INDO13_120601_130707,0.187713311,10,114.5916854,-8.099997258,1,Ransome_IND01_INDO13_120601_130707,-0.11338,0.58217,0.58527,0.20176,-1.70363,-2.1502,0.891030323,0.972248786,0.968474195,0.957872372,0,0.994963001,0.797431446
Ransome_IND02_INDO04_110701_120601,0.187713311,10,114.5916854,-8.099997258,1,Ransome_IND02_INDO04_110701_120601,-0.11338,0.58217,0.58527,0.20176,-1.70363,-2.1502,0.891030323,0.972248786,0.968474195,0.957872372,0,0.994963001,0.797431446
Ransome_IND02_INDO05_110701_120601,0.187713311,10,114.5916854,-8.099997258,1,Ransome_IND02_INDO05_110701_120601,-0.11338,0.58217,0.58527,0.20176,-1.70363,-2.1502,0.891030323,0.972248786,0.968474195,0.957872372,0,0.994963001,0.797431446
Ransome_IND02_INDO06_110701_120601,0.187713311,10,114.5916854,-8.099997258,1,Ransome_IND02_INDO06_110701_120601,-0.11338,0.58217,0.58527,0.20176,-1.70363,-2.1502,0.891030323,0.972248786,0.968474195,0.957872372,0,0.994963001,0.797431446
Ransome_JAR04_JAR04C_120501_150301,0,5600,153.3916854,-22.39999848,2,Ransome_JAR04_JAR04C_120501_150301,-0.98919,-3.19631,0.76178,-2.6174,-7.54016,-5.20406,0.001872975,0,0,0,0,0,0.000312162
Ransome_JAR08_JAR08C_120501_150301,0,5600,153.3916854,-22.39999848,2,Ransome_JAR08_JAR08C_120501_150301,-0.999,-3.19631,0.76178,-2.6195,-7.64938,-5.25577,0.001854245,0,0,0,0,0,0.000309041
Ransome_JAR11_JAR11C_120501_150301,0,5600,153.3916854,-22.39999848,2,Ransome_JAR11_JAR11C_120501_150301,-0.98919,-3.19631,0.76178,-2.6174,-7.54016,-5.20406,0.001872975,0,0,0,0,0,0.000312162
Ransome_KAU02_KAU02A_100101_130101,0.044728435,6220,137.5416854,37.45000664,1,Ransome_KAU02_KAU02A_100101_130101,-0.03361,-1.11262,0.3726,-0.99002,0.85675,0.22034,0.643479238,0.880149331,0.895767693,0.752875669,0,0,0.528711988
Ransome_KAU06_KAU06A_100101_130101,0.051282051,6210,137.5416854,37.45000664,1,Ransome_KAU06_KAU06A_100101_130101,-0.01662,-1.168,0.30798,-0.96142,1.04449,0.46181,NA,0.977490069,0.937924935,0.85240677,0.998223313,0,0.753209017
Ransome_KAU08_KAU08A_100101_130101,0.05362776,6190,137.5416854,37.45000664,1,Ransome_KAU08_KAU08A_100101_130101,-0.05085,-1.84674,0.36233,-0.96944,0.94668,0.2297,0.607162256,0.925205973,0.690656496,0.389534032,0,0.89779471,0.585058911
Ransome_KIN05_KIN05C_120501_150301,0.006849315,5760,152.8416854,-21.09999837,2,Ransome_KIN05_KIN05C_120501_150301,-0.09389,-1.54268,0.76178,-1.96303,0.98626,0.84215,0.027888595,0.434456378,0,0,0,0,0.077057496
Ransome_KIN11_KIN11C_120501_150301,0.006802721,5760,152.8416854,-21.09999837,2,Ransome_KIN11_KIN11C_120501_150301,-0.09389,-1.54268,0.76178,-1.96303,0.98626,0.84215,0.027888595,0.434456378,0,0,0,0,0.077057496
Ransome_KIN13_KIN13A_120501_150301,0.006825939,5760,152.8416854,-21.09999837,2,Ransome_KIN13_KIN13A_120501_150301,-0.14215,-2.92092,0.76178,-1.96098,0.99261,0.83114,0.027888595,0.433481683,0,0,0,0,0.076895046
Ransome_KIN13_KIN13B_120501_150301,0.006825939,5760,152.8416854,-21.09999837,2,Ransome_KIN13_KIN13B_120501_150301,-0.14215,-2.92092,0.76178,-1.96098,0.99261,0.83114,0.027888595,0.433481683,0,0,0,0,0.076895046
Ransome_KIN13_KIN13C_120501_150301,0.006825939,5760,152.8416854,-21.09999837,2,Ransome_KIN13_KIN13C_120501_150301,-0.14215,-2.92092,0.76178,-1.96098,0.99261,0.83114,0.027888595,0.433481683,0,0,0,0,0.076895046
Ransome_KOA01_KOA01A_120312_150523,0.17114094,130,120.2416854,12.75000453,1,Ransome_KOA01_KOA01A_120312_150523,0.03724,0.14474,-1.7242,-0.0168,0.97563,1.00573,0.986495851,0.865823157,0.924271737,0.977763939,0,0.988570591,0.790487546
Ransome_KOA02_KOA02A_120312_150523,0.17114094,130,120.2416854,12.75000453,1,Ransome_KOA02_KOA02A_120312_150523,0.03724,0.14474,-1.7242,-0.0168,0.97563,1.00573,0.986495851,0.865823157,0.924271737,0.977763939,0,0.988570591,0.790487546
Ransome_KUR12_KUR12A_100101_130101,0.027355623,4210,137.5416854,37.40000664,1,Ransome_KUR12_KUR12A_100101_130101,-0.18836,-2.12554,0.76178,-1.33061,-0.35867,-0.20784,0.06255736,0,0,0,0,0,0.010426227
Ransome_KUR33_KUR33A_100101_130101,0.027439024,4200,137.5416854,37.40000664,1,Ransome_KUR33_KUR33A_100101_130101,-0.21129,-2.53774,0.76178,-1.34271,-0.44066,-0.25486,0.062388792,0,0,0,0,0,0.010398132
Ransome_LIS10_LIS10B_100101_130101,0.1375,4720,137.5416854,37.40000664,1,Ransome_LIS10_LIS10B_100101_130101,-0.11823,-1.80168,0.66585,-0.85946,-0.24579,0.7532,0.092937012,0,0,0,0,0,0.015489502
Ransome_LIS14_LIS14B_100101_130101,0.130434783,4710,137.5416854,37.40000664,1,Ransome_LIS14_LIS14B_100101_130101,-0.12027,-1.76908,0.66585,-0.88467,-0.24792,0.68901,0.092206552,0,0,0,0,0,0.015367759
Ransome_MAI01_MAI01B_100101_130101,0.058064516,6590,137.5416854,37.45000664,1,Ransome_MAI01_MAI01B_100101_130101,0.0112,0.04653,0.76178,-1.08925,0.896,-0.11347,NA,0.922778432,0.82600925,0.697322148,0,0,0.489221966
Ransome_MAU04_MAU04A_110101_140101,0,1920,130.5416854,31.1500061,1,Ransome_MAU04_MAU04A_110101_140101,-0.2478,-2.93266,-3.14096,-0.10716,-0.30774,0.04766,NA,0,0,0,0,0,0
Ransome_MAU04_MAU04B_110101_140101,0,1920,130.5416854,31.1500061,1,Ransome_MAU04_MAU04B_110101_140101,-0.2478,-2.93266,-3.14096,-0.10716,-0.30774,0.04766,NA,0,0,0,0,0,0
Ransome_MAU04_MAU04C_110101_140101,0,1920,130.5416854,31.1500061,1,Ransome_MAU04_MAU04C_110101_140101,-0.2478,-2.93266,-3.14096,-0.10716,-0.30774,0.04766,NA,0,0,0,0,0,0
Ransome_MAU09_MAU09A_110101_140101,0,1920,130.5416854,31.1500061,1,Ransome_MAU09_MAU09A_110101_140101,-0.2478,-2.93266,-3.14096,-0.10716,-0.30774,0.04766,NA,0,0,0,0,0,0
Ransome_MOO01_MOO21_120201_140117,0.022875817,5840,153.8916854,-28.64999902,2,Ransome_MOO01_MOO21_120201_140117,0.12817,-0.79266,0.50689,0.58821,0.893,1.18951,0.76544736,0.974087833,0.698229322,0.89819767,0,0.930379515,0.71105695
Ransome_MOO02_MOO22_120201_140118,0.023178808,5850,153.8916854,-28.64999902,2,Ransome_MOO02_MOO22_120201_140118,0.12817,-0.79266,0.50689,0.58821,0.893,1.18951,0.76544736,0.974087833,0.698229322,0.89819767,0,0.930379515,0.71105695
Ransome_MOO02_MOO23_120201_140119,0.023178808,5850,153.8916854,-28.64999902,2,Ransome_MOO02_MOO23_120201_140119,0.12817,-0.79266,0.50689,0.58821,0.893,1.18951,0.76544736,0.974087833,0.698229322,0.89819767,0,0.930379515,0.71105695
Ransome_MOO02_MOO24_120201_140120,0.023178808,5850,153.8916854,-28.64999902,2,Ransome_MOO02_MOO24_120201_140120,0.12817,-0.79266,0.50689,0.58821,0.893,1.18951,0.76544736,0.974087833,0.698229322,0.89819767,0,0.930379515,0.71105695
Ransome_MOO03_MOO25_120201_140122,0.023255814,5850,153.8916854,-28.64999902,2,Ransome_MOO03_MOO25_120201_140122,0.12817,-0.79266,0.50689,0.58821,0.893,1.18951,0.76544736,0.974087833,0.698229322,0.89819767,0,0.930379515,0.71105695
Ransome_MOO03_MOO27_120201_140121,0.023255814,5850,153.8916854,-28.64999902,2,Ransome_MOO03_MOO27_120201_140121,0.12817,-0.79266,0.50689,0.58821,0.893,1.18951,0.76544736,0.974087833,0.698229322,0.89819767,0,0.930379515,0.71105695
Ransome_OAH12_OAH12B_100101_2013,0.174193548,6410,137.5416854,37.45000664,1,Ransome_OAH12_OAH12B_100101_2013,0.00534,-0.57198,0.76178,-1.03765,0.99656,0.12738,0.991946208,0.894769751,0.858751129,0.975401128,0,0.981207414,0.783679272
Ransome_OFU03_OFU03A_120401_150201,0,4000,153.3916854,-22.39999848,2,Ransome_OFU03_OFU03A_120401_150201,-0.09126,-1.28093,-0.13994,0.26332,-0.58637,-0.96581,0.145436497,0,0,0.477782255,0,0.760348743,0.230594583
Ransome_OFU03_OFU03B_120401_150201,0,4000,153.3916854,-22.39999848,2,Ransome_OFU03_OFU03B_120401_150201,-0.09126,-1.28093,-0.13994,0.26332,-0.58637,-0.96581,0.145436497,0,0,0.477782255,0,0.760348743,0.230594583
Ransome_OFU03_OFU03C_120401_150201,0,4000,153.3916854,-22.39999848,2,Ransome_OFU03_OFU03C_120401_150201,-0.09126,-1.28093,-0.13994,0.26332,-0.58637,-0.96581,0.145436497,0,0,0.477782255,0,0.760348743,0.230594583
Ransome_OFU04_OFU04C_120401_150201,0,4000,153.3916854,-22.39999848,2,Ransome_OFU04_OFU04C_120401_150201,-0.0884,-1.28093,-0.13487,0.26356,-0.55858,-0.93913,0.140960087,0,0,0.522968716,0,0.774067697,0.239666083
Ransome_OLO04_OLO04C_120401_150201,0,4000,153.3916854,-22.39999848,2,Ransome_OLO04_OLO04C_120401_150201,-0.0884,-1.28093,-0.13487,0.26356,-0.55858,-0.93913,0.140960087,0,0,0.522968716,0,0.774067697,0.239666083
Ransome_PAG01_PAG01C_110101_140101,0.003278689,2110,130.5416854,31.1500061,1,Ransome_PAG01_PAG01C_110101_140101,-0.22852,-2.65829,-2.64548,0.01333,-0.48497,-0.17121,NA,0,0,0,0,0,0
Ransome_PAG05_PAG05C_110101_140101,0.003257329,2110,130.5416854,31.1500061,1,Ransome_PAG05_PAG05C_110101_140101,-0.22852,-2.65829,-2.64548,0.01333,-0.48497,-0.17121,NA,0,0,0,0,0,0
Ransome_PAG09_PAG09B_110101_140101,0.003311258,2110,130.5416854,31.1500061,1,Ransome_PAG09_PAG09B_110101_140101,-0.22852,-2.65829,-2.64548,0.01333,-0.48497,-0.17121,NA,0,0,0,0,0,0
Ransome_PAL01_PAL01C_120501_150301,0,5760,152.8416854,-21.09999837,2,Ransome_PAL01_PAL01C_120501_150301,-0.17123,-3.07548,0.76178,-2.0597,0.8417,0.61063,0.027457811,0.456193909,0,0,0,0,0.08060862
Ransome_PAL17_PAL17C_120501_150301,0,5750,152.8416854,-21.09999837,2,Ransome_PAL17_PAL17C_120501_150301,-0.17138,-3.07548,0.76178,-2.05763,0.83829,0.60792,0.027420352,0.456028395,0,0,0,0,0.080574791
Ransome_PAL19_PAL19C_120501_150301,0,5750,152.8416854,-21.09999837,2,Ransome_PAL19_PAL19C_120501_150301,-0.17138,-3.07548,0.76178,-2.05763,0.83829,0.60792,0.027420352,0.456028395,0,0,0,0,0.080574791
Ransome_PHR26_PHR26A_100101_130101,0.058282209,4460,137.5416854,37.45000664,1,Ransome_PHR26_PHR26A_100101_130101,-0.16706,-2.08608,0.76178,-1.19984,-0.32914,0.24325,0.076436103,0,0,0,0,0,0.012739351
Ransome_PHR33_PHR33A_100101_130101,0.058461538,4460,137.5416854,37.45000664,1,Ransome_PHR33_PHR33A_100101_130101,-0.15929,-1.773,0.76178,-1.19944,-0.36372,0.20768,0.07598659,0,0,0,0,0,0.012664432
Ransome_PHR33_PHR33B_100101_130101,0.058461538,4460,137.5416854,37.45000664,1,Ransome_PHR33_PHR33B_100101_130101,-0.15929,-1.773,0.76178,-1.19944,-0.36372,0.20768,0.07598659,0,0,0,0,0,0.012664432
Ransome_PHR33_PHR33C_100101_130101,0.058461538,4460,137.5416854,37.45000664,1,Ransome_PHR33_PHR33C_100101_130101,-0.15929,-1.773,0.76178,-1.19944,-0.36372,0.20768,0.07598659,0,0,0,0,0,0.012664432
Ransome_PHR42_PHR42A_100101_130101,0.058641975,4450,137.5416854,37.45000664,1,Ransome_PHR42_PHR42A_100101_130101,-0.16968,-1.773,0.76178,-1.19865,-0.47663,0.12291,0.074956453,0,0,0,0,0,0.012492742
Ransome_ROS04_ROS04C_120401_150201,0,4140,153.3916854,-22.39999848,2,Ransome_ROS04_ROS04C_120401_150201,-0.11615,-2.30855,-0.00959,0.30433,-0.55925,-0.87848,0.050495402,0,0,0.323045644,0,0,0.062256841
Ransome_ROS19_ROS19C_120401_150201,0,4140,153.3916854,-22.39999848,2,Ransome_ROS19_ROS19C_120401_150201,-0.1105,-2.30855,-0.00871,0.30203,-0.49867,-0.82002,0.0513757,0,0,0.323045644,0,0,0.062403557
Ransome_ROS25_ROS25C_120401_150201,0,4140,153.3916854,-22.39999848,2,Ransome_ROS25_ROS25C_120401_150201,-0.11328,-2.30855,-0.0109,0.3018,-0.52336,-0.86466,0.0513757,0,0,0.323045644,0,0,0.062403557
Ransome_SAI05_SAI05A_110101_140101,0.056666667,2360,130.5416854,31.1500061,1,Ransome_SAI05_SAI05A_110101_140101,-0.10443,-0.90071,-2.38302,0.09283,0.01488,0.19752,0.788335113,0.655123584,0,0.767492124,0,0.943054436,0.525667543
Ransome_SAI06_SAI06B_110101_140101,0.056478405,2350,130.5416854,31.1500061,1,Ransome_SAI06_SAI06B_110101_140101,-0.10611,-0.90071,-2.40103,0.09099,0.00136,0.21088,0.733943923,0.679674857,0,0.95919115,0.998223313,0.984156348,0.725864932
Ransome_SAI08_SAI08A_110101_140101,0.055194805,2350,130.5416854,31.1500061,1,Ransome_SAI08_SAI08A_110101_140101,-0.14038,-1.60996,-2.38936,0.09149,-0.09587,0.09701,0.663145474,0.673127851,0,0.863909444,0.998223313,0.980053484,0.696409928
Ransome_TIM01_TIM01A_121015_141009,0.051546392,220,126.6916854,-10.09999743,2,Ransome_TIM01_TIM01A_121015_141009,0.11904,0.1665,0.65351,0.18707,0.76155,0.8572,0.979490925,0.983522142,0,0.989980951,0,0.949062202,0.650342703
Ransome_TIM02_TIM02A_121017_140922,0.044067797,210,125.6416854,-10.64999748,2,Ransome_TIM02_TIM02A_121017_140922,0.07992,-0.12061,0.54665,0.15633,0.57753,0.35018,0.641344047,0,0,0.862022859,0,0.735310279,0.373112864
Ransome_TIM04_TIM04A_121019_140928,0.064189189,190,126.6916854,-10.09999743,2,Ransome_TIM04_TIM04A_121019_140928,0.12042,0.60332,0.64999,0.2703,0.54388,0.65805,0.782753648,0.957095042,0,0.887775661,0,0,0.437937392
Ransome_TIM08_TIM08A_121023_140925,0.057823129,170,127.9916854,-9.599997387,2,Ransome_TIM08_TIM08A_121023_140925,0.07523,0.24342,0.63833,0.31068,0.20567,0.14198,0.652338409,0.797851994,0.64930997,0.555132244,0,0,0.442438769
Ransome_TIM09_TIM09A_121024_140924,0.057432432,200,126.6916854,-10.09999743,2,Ransome_TIM09_TIM09A_121024_140924,0.13349,0.70791,0.64879,0.22423,0.69337,0.72523,0.923226761,0,0,0.826873764,0,0.895926441,0.441004494
Ransome_TUT01_TUT01C_120401_150201,0.016722408,3900,153.3916854,-22.39999848,2,Ransome_TUT01_TUT01C_120401_150201,-0.05532,-0.87724,-0.14009,0.26747,-0.38717,-0.62738,0.576913712,0.931219656,0,0.926221701,0.998223313,0.836215107,0.711465582
Ransome_TUT11_TUT11A_120401_150201,0.016722408,3880,153.3916854,-22.39999848,2,Ransome_TUT11_TUT11A_120401_150201,-0.07801,-1.58828,-0.18482,0.27544,-0.3574,-0.56263,0.225824577,0.912718847,0,0.954612059,0,0.845061909,0.489702899
Ransome_TUT11_TUT11B_120401_150201,0.016722408,3880,153.3916854,-22.39999848,2,Ransome_TUT11_TUT11B_120401_150201,-0.07801,-1.58828,-0.18482,0.27544,-0.3574,-0.56263,0.225824577,0.912718847,0,0.954612059,0,0.845061909,0.489702899
Ransome_TUT11_TUT11C_120401_150201,0.016722408,3880,153.3916854,-22.39999848,2,Ransome_TUT11_TUT11C_120401_150201,-0.07801,-1.58828,-0.18482,0.27544,-0.3574,-0.56263,0.225824577,0.912718847,0,0.954612059,0,0.845061909,0.489702899
Ransome_TUT22_TUT22C_120401_150201,0.01650165,3880,153.3916854,-22.39999848,2,Ransome_TUT22_TUT22C_120401_150201,-0.07801,-1.58828,-0.18482,0.27544,-0.3574,-0.56263,0.225824577,0.912718847,0,0.954612059,0,0.845061909,0.489702899
Ransome_TWI01_TWI01A_120312_150520,0.164983165,130,120.2416854,12.75000453,1,Ransome_TWI01_TWI01A_120312_150520,0.03848,0.14474,-1.73064,-0.01623,0.98378,1.05501,0.984604147,0.852894659,0.925487812,0.951479962,0,0.996501575,0.785161359
Ransome_TWI01_TWI01B_120312_150520,0.164983165,130,120.2416854,12.75000453,1,Ransome_TWI01_TWI01B_120312_150520,0.03848,0.14474,-1.73064,-0.01623,0.98378,1.05501,0.984604147,0.852894659,0.925487812,0.951479962,0,0.996501575,0.785161359
Ransome_TWI01_TWI01C_120312_150520,0.164983165,130,120.2416854,12.75000453,1,Ransome_TWI01_TWI01C_120312_150520,0.03848,0.14474,-1.73064,-0.01623,0.98378,1.05501,0.984604147,0.852894659,0.925487812,0.951479962,0,0.996501575,0.785161359
Ransome_TWI02_TWI02A_120312_150522,0.164983165,130,120.2416854,12.75000453,1,Ransome_TWI02_TWI02A_120312_150522,0.03848,0.14474,-1.73064,-0.01623,0.98378,1.05501,0.984604147,0.852894659,0.925487812,0.951479962,0,0.996501575,0.785161359
Ransome_TWI02_TWI02B_120312_150522,0.164983165,130,120.2416854,12.75000453,1,Ransome_TWI02_TWI02B_120312_150522,0.03848,0.14474,-1.73064,-0.01623,0.98378,1.05501,0.984604147,0.852894659,0.925487812,0.951479962,0,0.996501575,0.785161359
Ransome_TWI02_TWI02C_120312_150522,0.164983165,130,120.2416854,12.75000453,1,Ransome_TWI02_TWI02C_120312_150522,0.03848,0.14474,-1.73064,-0.01623,0.98378,1.05501,0.984604147,0.852894659,0.925487812,0.951479962,0,0.996501575,0.785161359
Ransome_WAK06_WAK06A_110101_140101,0,3460,137.5416854,37.40000664,1,Ransome_WAK06_WAK06A_110101_140101,-0.12619,-2.965,-0.58888,0.06565,-0.01037,-0.32124,0.021483021,0,0,0,0.998223313,0,0.169951056
Ransome_WAK08_WAK08A_110101_140101,0,3460,137.5416854,37.40000664,1,Ransome_WAK08_WAK08A_110101_140101,-0.13456,-3.22712,-0.58888,0.0624,0.00429,-0.32255,0.021408102,0,0,0,0.998223313,0,0.169938569